GAME_ID,TEAM_IDS,GAME_YEAR,SCORES,TEAM1_PLAYER_STATS,TEAM2_PLAYER_STATS
0022500264,"[1610612753, 1610612746]",2025-26,"['', '']","[[[0.4, 0.451, 0.324, 0.802, 11.3, 32.05, 43.35, 22.2, 16.8, 8.75, 5.6, -1.05, 40.0, 38.0, 21.0, 41.0, 37.0, 38.0, 17.0, 18.0, 9.0, 30.0, 26.0, 28.0, 38.0, 17.0, 32.0, 20.0, 14.0, 27.0]], [[0.368, 0.46, 0.341, 0.813, 9.68421052631579, 30.42105263157895, 40.10526315789474, 22.36842105263158, 16.894736842105264, 9.263157894736842, 5.157894736842105, -3.4210526315789473, 42.0, 43.0, 16.0, 33.0, 32.0, 23.0, 38.0, 39.0, 5.0, 42.0, 40.0, 41.0, 42.0, 15.0, 30.0, 34.0, 2.0, 30.0]]]"
0022500265,"[1610612763, 1610612758]",2025-26,"['', '']","[[[0.304, 0.428, 0.335, 0.804, 11.217391304347826, 30.652173913043477, 41.869565217391305, 24.869565217391305, 15.782608695652174, 7.782608695652174, 4.434782608695652, -4.695652173913044, 20.0, 16.0, 38.0, 19.0, 16.0, 29.0, 20.0, 19.0, 7.0, 26.0, 19.0, 17.0, 16.0, 25.0, 28.0, 29.0, 26.0, 32.0]], [[0.381, 0.467, 0.359, 0.741, 9.285714285714286, 29.857142857142858, 39.142857142857146, 24.904761904761905, 14.904761904761905, 8.571428571428571, 3.619047619047619, -5.857142857142857, 23.0, 28.0, 14.0, 34.0, 39.0, 10.0, 36.0, 33.0, 39.0, 40.0, 29.0, 38.0, 25.0, 12.0, 26.0, 41.0, 10.0, 35.0]]]"
0022500266,"[1610612749, 1610612755]",2025-26,"['', '']","[[[0.45, 0.475, 0.388, 0.712, 8.6, 29.5, 38.1, 25.25, 14.8, 8.15, 5.1, -2.4, 30.0, 32.0, 6.0, 11.0, 24.0, 1.0, 41.0, 39.0, 43.0, 43.0, 36.0, 41.0, 29.0, 5.0, 36.0, 29.0, 6.0, 29.0]], [[0.545, 0.448, 0.357, 0.774, 11.954545454545455, 29.454545454545453, 41.40909090909091, 21.818181818181817, 15.590909090909092, 7.818181818181818, 6.2727272727272725, -0.18181818181818182, 25.0, 20.0, 25.0, 26.0, 30.0, 12.0, 21.0, 20.0, 22.0, 21.0, 24.0, 23.0, 34.0, 22.0, 34.0, 11.0, 28.0, 25.0]]]"
0022500267,"[1610612759, 1610612737]",2025-26,"['', '']","[[[0.682, 0.474, 0.361, 0.792, 10.181818181818182, 32.40909090909091, 42.59090909090909, 23.545454545454547, 16.863636363636363, 8.0, 5.045454545454546, 5.545454545454546, 18.0, 25.0, 7.0, 21.0, 22.0, 8.0, 29.0, 33.0, 16.0, 31.0, 17.0, 20.0, 26.0, 26.0, 30.0, 21.0, 14.0, 12.0]], [[0.65, 0.481, 0.36, 0.782, 10.15, 31.35, 41.5, 27.65, 15.45, 9.55, 5.3, 2.65, 27.0, 34.0, 4.0, 30.0, 32.0, 9.0, 37.0, 37.0, 21.0, 38.0, 29.0, 37.0, 19.0, 10.0, 22.0, 23.0, 4.0, 19.0]]]"
